CATEGORY,YEAR,GENDER,NOMINATIONS,AWARDED,AK/AD,AC,AO,AM,OAM
Architecture,1998,M,3,2,0,0,0,1,1
Architecture,1998,F,1,0,0,0,0,0,0
Arts,1998,M,44,24,0,0,2,9,13
Arts,1998,F,22,14,0,0,0,3,11
Business and Commerce,1998,M,59,29,0,0,7,16,6
Business and Commerce,1998,F,4,4,0,0,1,2,1
Community - Multicultural Affairs,1998,M,41,16,0,0,0,1,15
Community - Multicultural Affairs,1998,F,13,7,0,0,0,0,7
Community,1998,M,470,249,0,3,5,31,210
Community,1998,F,250,161,0,0,3,15,143
Conservation and the Environment,1998,M,18,9,0,0,0,4,5
Conservation and the Environment,1998,F,8,5,0,0,0,1,4
Dentistry,1998,M,6,3,0,0,1,2,0
Dentistry,1998,F,0,0,0,0,0,0,0
Disabled,1998,M,11,6,0,0,0,2,4
Disabled,1998,F,13,11,0,0,1,2,8
Education,1998,M,64,30,0,0,1,13,16
Education,1998,F,17,10,0,0,0,6,4
Engineering,1998,M,17,10,0,0,2,6,2
Engineering,1998,F,0,0,0,0,0,0,0
Industrial Relations,1998,M,6,2,0,0,0,2,0
Industrial Relations,1998,F,0,0,0,0,0,0,0
International Relations,1998,M,16,7,0,0,1,4,2
International Relations,1998,F,7,4,0,0,0,3,1
Law,1998,M,20,10,0,2,1,6,1
Law,1998,F,2,0,0,0,0,0,0
Library and Related Occupations,1998,M,1,0,0,0,0,0,0
Library and Related Occupations,1998,F,0,0,0,0,0,0,0
Local Government,1998,M,31,8,0,0,0,0,8
Local Government,1998,F,4,2,0,0,0,1,1
Media,1998,M,10,5,0,0,0,0,5
Media,1998,F,2,0,0,0,0,0,0
Medicine,1998,M,81,43,0,0,4,29,10
Medicine,1998,F,19,12,0,0,2,3,7
Mining,1998,M,3,0,0,0,0,0,0
Mining,1998,F,0,0,0,0,0,0,0
Parliament and Politics,1998,M,3,1,0,0,0,0,1
Parliament and Politics,1998,F,2,0,0,0,0,0,0
Primary Industries,1998,M,28,17,0,0,1,7,9
Primary Industries,1998,F,1,1,0,0,0,0,1
Public Service,1998,M,24,8,0,0,3,4,1
Public Service,1998,F,3,1,0,0,0,0,1
Religion,1998,M,14,9,0,0,1,1,7
Religion,1998,F,1,0,0,0,0,0,0
Science and Technology ,1998,M,32,19,0,3,2,13,1
Science and Technology ,1998,F,2,1,0,0,1,0,0
Sport,1998,M,78,42,0,0,1,9,32
Sport,1998,F,17,11,0,0,0,1,10
Surveying and Mapping,1998,M,1,1,0,0,0,0,1
Surveying and Mapping,1998,F,0,0,0,0,0,0,0
Tourism and Hospitality,1998,M,3,2,0,0,0,1,1
Tourism and Hospitality,1998,F,0,0,0,0,0,0,0
Transport,1998,M,8,2,0,0,0,0,2
Transport,1998,F,0,0,0,0,0,0,0
Veterinary Science,1998,M,3,1,0,0,0,0,1
Veterinary Science,1998,F,0,0,0,0,0,0,0
Architecture,1999,M,7,5,0,0,0,3,2
Architecture,1999,F,2,1,0,0,0,1,0
Arts,1999,M,31,20,0,0,0,10,10
Arts,1999,F,30,16,0,0,0,2,14
Business and Commerce,1999,M,49,26,0,1,6,12,7
Business and Commerce,1999,F,2,2,0,0,0,1,1
Community - Multicultural Affairs,1999,M,37,15,0,0,0,3,12
Community - Multicultural Affairs,1999,F,9,7,0,0,0,1,6
Community,1999,M,458,240,0,1,10,33,196
Community,1999,F,277,159,0,2,3,23,131
Conservation and the Environment,1999,M,24,20,0,0,1,6,13
Conservation and the Environment,1999,F,9,7,0,0,1,1,5
Dentistry,1999,M,1,1,0,0,0,1,0
Dentistry,1999,F,0,0,0,0,0,0,0
Disabled,1999,M,15,11,0,0,0,2,9
Disabled,1999,F,17,11,0,0,0,3,8
Education,1999,M,30,15,0,0,1,6,8
Education,1999,F,30,14,0,0,0,6,8
Engineering,1999,M,11,5,0,0,2,3,0
Engineering,1999,F,0,0,0,0,0,0,0
Industrial Relations,1999,M,2,1,0,0,0,1,0
Industrial Relations,1999,F,0,0,0,0,0,0,0
International Relations,1999,M,13,6,0,0,0,2,4
International Relations,1999,F,4,2,0,0,0,1,1
Law,1999,M,21,10,0,1,1,5,3
Law,1999,F,3,1,0,0,1,0,0
Library and Related Occupations,1999,M,1,0,0,0,0,0,0
Library and Related Occupations,1999,F,1,0,0,0,0,0,0
Local Government,1999,M,29,18,0,0,0,5,13
Local Government,1999,F,5,2,0,0,0,0,2
Media,1999,M,10,6,0,0,0,2,4
Media,1999,F,5,3,0,0,1,0,2
Medicine,1999,M,70,36,0,0,7,19,10
Medicine,1999,F,23,15,0,1,1,8,5
Mining,1999,M,5,5,0,0,2,1,2
Mining,1999,F,0,0,0,0,0,0,0
Parliament and Politics,1999,M,10,6,0,0,2,2,2
Parliament and Politics,1999,F,0,0,0,0,0,0,0
Primary Industries,1999,M,38,24,0,0,5,8,11
Primary Industries,1999,F,1,1,0,0,0,1,0
Public Service,1999,M,27,16,0,1,6,8,1
Public Service,1999,F,2,0,0,0,0,0,0
Religion,1999,M,13,10,0,0,0,6,4
Religion,1999,F,5,4,0,0,0,0,4
Science and Technology ,1999,M,25,13,0,1,3,7,2
Science and Technology ,1999,F,5,4,0,0,1,3,0
Sport,1999,M,69,39,0,0,1,4,34
Sport,1999,F,21,13,0,0,1,3,9
Surveying and Mapping,1999,M,2,1,0,0,0,0,1
Surveying and Mapping,1999,F,0,0,0,0,0,0,0
Tourism and Hospitality,1999,M,9,5,0,0,1,1,3
Tourism and Hospitality,1999,F,1,1,0,0,0,0,1
Transport,1999,M,5,2,0,0,1,0,1
Transport,1999,F,0,0,0,0,0,0,0
Veterinary Science,1999,M,5,5,0,0,0,2,3
Veterinary Science,1999,F,1,1,0,0,0,0,1
Architecture,2000,M,4,4,0,0,0,3,1
Architecture,2000,F,0,0,0,0,0,0,0
Arts,2000,M,39,21,0,0,2,6,13
Arts,2000,F,20,9,0,0,1,1,7
Building and Construction,2000,M,3,1,0,0,0,1,0
Building and Construction,2000,F,0,0,0,0,0,0,0
Business and Commerce,2000,M,56,37,0,3,3,14,17
Business and Commerce,2000,F,1,0,0,0,0,0,0
Community - Multicultural Affairs,2000,M,25,13,0,0,0,1,12
Community - Multicultural Affairs,2000,F,8,6,0,0,0,0,6
Community,2000,M,466,261,0,0,6,49,206
Community,2000,F,286,174,0,0,3,17,154
Conservation and the Environment,2000,M,15,10,0,0,3,0,7
Conservation and the Environment,2000,F,8,4,0,0,0,0,4
Dentistry,2000,M,4,3,0,0,2,1,0
Dentistry,2000,F,0,0,0,0,0,0,0
Disabled,2000,M,18,10,0,0,0,2,8
Disabled,2000,F,20,16,0,0,0,3,13
Education,2000,M,43,21,0,1,2,7,11
Education,2000,F,16,7,0,0,1,3,3
Engineering,2000,M,5,3,0,0,0,2,1
Engineering,2000,F,0,0,0,0,0,0,0
Industrial Relations,2000,M,2,1,0,0,0,0,1
Industrial Relations,2000,F,0,0,0,0,0,0,0
Information Technology,2000,M,0,0,0,0,0,0,0
Information Technology,2000,F,0,0,0,0,0,0,0
International Relations,2000,M,7,3,0,0,1,1,1
International Relations,2000,F,6,3,0,0,0,0,3
Law,2000,M,22,15,0,2,6,6,1
Law,2000,F,1,1,0,0,0,1,0
Library and Related Occupations,2000,M,0,0,0,0,0,0,0
Library and Related Occupations,2000,F,0,0,0,0,0,0,0
Local Government,2000,M,35,17,0,0,1,4,12
Local Government,2000,F,6,4,0,0,0,1,3
Media,2000,M,10,7,0,0,1,1,5
Media,2000,F,2,0,0,0,0,0,0
Medicine,2000,M,79,37,0,0,7,18,12
Medicine,2000,F,27,17,0,0,4,2,11
Mining,2000,M,3,2,0,0,0,2,0
Mining,2000,F,0,0,0,0,0,0,0
Parliament and Politics,2000,M,12,7,0,0,2,3,2
Parliament and Politics,2000,F,2,0,0,0,0,0,0
Primary Industries,2000,M,17,14,0,0,1,5,8
Primary Industries,2000,F,2,1,0,0,0,0,1
Public Service,2000,M,21,11,0,0,3,7,1
Public Service,2000,F,1,0,0,0,0,0,0
Religion,2000,M,20,12,0,0,0,1,11
Religion,2000,F,1,0,0,0,0,0,0
"Science, Technological Developments, R&D",2000,M,16,11,0,0,2,7,2
"Science, Technological Developments, R&D",2000,F,3,0,0,0,0,0,0
Sport,2000,M,88,56,0,0,0,5,51
Sport,2000,F,26,17,0,0,0,1,16
Surveying and Mapping,2000,M,0,0,0,0,0,0,0
Surveying and Mapping,2000,F,0,0,0,0,0,0,0
Tourism and Hospitality,2000,M,3,3,0,0,1,1,1
Tourism and Hospitality,2000,F,2,1,0,0,0,0,1
Transport,2000,M,6,3,0,0,0,0,3
Transport,2000,F,0,0,0,0,0,0,0
Veterinary Science,2000,M,5,4,0,0,2,1,1
Veterinary Science,2000,F,0,0,0,0,0,0,0
Architecture,2001,M,7,6,0,0,0,5,1
Architecture,2001,F,3,0,0,0,0,0,0
Arts,2001,M,36,18,0,0,4,5,9
Arts,2001,F,26,20,0,0,1,7,12
Building and Construction,2001,M,6,1,0,0,0,0,1
Building and Construction,2001,F,1,0,0,0,0,0,0
Business and Commerce,2001,M,50,31,0,1,3,15,12
Business and Commerce,2001,F,2,0,0,0,0,0,0
Community - Multicultural Affairs,2001,M,33,14,0,0,0,0,14
Community - Multicultural Affairs,2001,F,6,3,0,0,0,0,3
Community,2001,M,509,278,0,5,7,33,233
Community,2001,F,287,188,0,0,5,28,155
Conservation and the Environment,2001,M,20,12,0,0,0,5,7
Conservation and the Environment,2001,F,12,6,0,0,0,1,5
Dentistry,2001,M,7,3,0,0,2,0,1
Dentistry,2001,F,0,0,0,0,0,0,0
Disabled,2001,M,21,14,0,0,0,2,12
Disabled,2001,F,16,10,0,0,0,0,10
Education,2001,M,38,26,0,2,5,8,11
Education,2001,F,26,16,0,0,0,8,8
Engineering,2001,M,13,9,0,1,1,5,2
Engineering,2001,F,0,0,0,0,0,0,0
Industrial Relations,2001,M,2,1,0,0,0,0,1
Industrial Relations,2001,F,0,0,0,0,0,0,0
Information Technology,2001,M,1,1,0,0,0,1,0
Information Technology,2001,F,1,1,0,0,0,1,0
International Relations,2001,M,6,4,0,0,0,4,0
International Relations,2001,F,2,2,0,0,1,0,1
Law,2001,M,14,2,0,0,0,2,0
Law,2001,F,1,1,0,0,0,1,0
Library and Related Occupations,2001,M,0,0,0,0,0,0,0
Library and Related Occupations,2001,F,3,2,0,0,0,0,2
Local Government,2001,M,18,9,0,0,0,1,8
Local Government,2001,F,6,4,0,0,0,2,2
Media,2001,M,8,5,0,0,0,0,5
Media,2001,F,2,1,0,0,0,0,1
Medicine,2001,M,90,51,0,4,9,25,13
Medicine,2001,F,21,15,0,1,1,7,6
Mining,2001,M,3,2,0,0,0,2,0
Mining,2001,F,0,0,0,0,0,0,0
Parliament and Politics,2001,M,14,10,0,1,2,5,2
Parliament and Politics,2001,F,1,1,0,0,0,1,0
Primary Industries,2001,M,33,26,0,0,1,9,16
Primary Industries,2001,F,4,2,0,0,1,1,0
Public Service,2001,M,13,4,0,1,1,2,0
Public Service,2001,F,5,3,0,0,1,0,2
Religion,2001,M,16,8,0,0,2,1,5
Religion,2001,F,2,0,0,0,0,0,0
"Science, Technological Developments, R&D",2001,M,25,20,0,0,4,10,6
"Science, Technological Developments, R&D",2001,F,3,1,0,0,0,1,0
Sport,2001,M,103,73,0,0,3,1,69
Sport,2001,F,57,49,0,0,0,3,46
Surveying and Mapping,2001,M,0,0,0,0,0,0,0
Surveying and Mapping,2001,F,0,0,0,0,0,0,0
Tourism and Hospitality,2001,M,8,5,0,0,0,2,3
Tourism and Hospitality,2001,F,1,1,0,0,0,1,0
Transport,2001,M,13,6,0,0,0,2,4
Transport,2001,F,0,0,0,0,0,0,0
Veterinary Science,2001,M,3,3,0,0,1,2,0
Veterinary Science,2001,F,1,0,0,0,0,0,0
Architecture,2003,M,11,3,0,0,0,0,3
Architecture,2003,F,0,0,0,0,0,0,0
Arts,2003,M,41,24,0,0,2,11,11
Arts,2003,F,37,23,0,0,4,6,13
Building and Construction,2003,M,6,4,0,1,1,2,0
Building and Construction,2003,F,0,0,0,0,0,0,0
Business and Commerce,2003,M,44,23,0,1,7,11,4
Business and Commerce,2003,F,8,5,0,1,3,1,0
Community - Multicultural Affairs,2003,M,27,15,0,0,0,0,15
Community - Multicultural Affairs,2003,F,12,6,0,0,0,0,6
Community,2003,M,690,344,0,1,9,39,295
Community,2003,F,439,266,0,1,6,35,224
Conservation and the Environment,2003,M,30,23,0,0,1,8,14
Conservation and the Environment,2003,F,17,10,0,0,0,5,5
Dentistry,2003,M,4,2,0,0,0,1,1
Dentistry,2003,F,0,0,0,0,0,0,0
Disabled,2003,M,20,13,0,0,1,2,10
Disabled,2003,F,22,14,0,0,0,3,11
Education,2003,M,51,25,0,0,6,10,9
Education,2003,F,28,21,0,0,2,5,14
Engineering,2003,M,15,10,0,0,3,4,3
Engineering,2003,F,1,1,0,0,0,1,0
Industrial Relations,2003,M,2,2,0,0,1,1,0
Industrial Relations,2003,F,0,0,0,0,0,0,0
Information Technology,2003,M,1,1,0,0,1,0,0
Information Technology,2003,F,1,1,0,0,0,1,0
International Relations,2003,M,7,4,0,0,1,0,3
International Relations,2003,F,5,2,0,0,0,1,1
Law,2003,M,31,17,0,2,7,5,3
Law,2003,F,1,1,0,0,0,1,0
Library and Related Occupations,2003,M,2,1,0,0,1,0,0
Library and Related Occupations,2003,F,4,3,0,0,0,0,3
Local Government,2003,M,29,18,0,0,0,5,13
Local Government,2003,F,6,4,0,0,0,1,3
Media,2003,M,11,5,0,0,1,3,1
Media,2003,F,3,1,0,0,1,0,0
Medicine,2003,M,118,62,0,1,8,35,18
Medicine,2003,F,38,24,0,0,4,9,11
Mining,2003,M,5,2,0,0,0,1,1
Mining,2003,F,0,0,0,0,0,0,0
Parliament and Politics,2003,M,19,7,0,3,2,1,1
Parliament and Politics,2003,F,2,2,0,0,0,1,1
Primary Industries,2003,M,44,29,0,0,0,13,16
Primary Industries,2003,F,3,2,0,0,0,0,2
Public Service,2003,M,21,13,0,1,6,4,2
Public Service,2003,F,7,1,0,0,1,0,0
Religion,2003,M,30,14,0,0,0,2,12
Religion,2003,F,1,0,0,0,0,0,0
"Science, Technological Developments, R&D",2003,M,18,13,0,0,0,11,2
"Science, Technological Developments, R&D",2003,F,3,2,0,0,1,0,1
Sport,2003,M,89,44,0,0,3,9,32
Sport,2003,F,34,19,0,0,0,1,18
Surveying and Mapping,2003,M,4,2,0,0,0,2,0
Surveying and Mapping,2003,F,0,0,0,0,0,0,0
Tourism and Hospitality,2003,M,3,3,0,0,0,1,2
Tourism and Hospitality,2003,F,1,0,0,0,0,0,0
Transport,2003,M,13,5,0,0,0,2,3
Transport,2003,F,0,0,0,0,0,0,0
Veterinary Science,2003,M,8,4,0,0,0,2,2
Veterinary Science,2003,F,1,1,0,0,0,0,1
Architecture,2004,M,6,5,0,0,0,3,2
Architecture,2004,F,0,0,0,0,0,0,0
Arts,2004,M,47,25,0,1,4,6,14
Arts,2004,F,34,23,0,0,3,7,13
Building and Construction,2004,M,5,5,0,0,1,3,1
Building and Construction,2004,F,0,0,0,0,0,0,0
Business and Commerce,2004,M,85,51,0,2,9,30,10
Business and Commerce,2004,F,3,1,0,0,1,0,0
Community - Multicultural Affairs,2004,M,30,18,0,0,0,3,15
Community - Multicultural Affairs,2004,F,9,4,0,0,0,0,4
Community,2004,M,834,375,0,2,8,47,318
Community,2004,F,503,248,0,1,10,22,215
Conservation and the Environment,2004,M,27,21,0,0,1,6,14
Conservation and the Environment,2004,F,13,10,0,0,1,1,8
Dentistry,2004,M,9,9,0,0,0,4,5
Dentistry,2004,F,2,2,0,0,0,0,2
Disabled,2004,M,23,15,0,0,0,1,14
Disabled,2004,F,22,10,0,0,0,0,10
Education,2004,M,82,39,0,2,1,23,13
Education,2004,F,36,21,0,0,3,14,4
Engineering,2004,M,16,8,0,0,2,6,0
Engineering,2004,F,1,1,0,0,1,0,0
Industrial Relations,2004,M,8,4,0,0,0,3,1
Industrial Relations,2004,F,0,0,0,0,0,0,0
Information Technology,2004,M,0,0,0,0,0,0,0
Information Technology,2004,F,0,0,0,0,0,0,0
International Relations,2004,M,8,5,0,0,1,2,2
International Relations,2004,F,5,3,0,0,0,2,1
Law,2004,M,18,10,0,2,2,6,0
Law,2004,F,5,5,0,0,4,1,0
Library and Related Occupations,2004,M,0,0,0,0,0,0,0
Library and Related Occupations,2004,F,2,2,0,0,0,2,0
Local Government,2004,M,51,18,0,0,0,3,15
Local Government,2004,F,14,4,0,0,0,0,4
Media,2004,M,21,13,0,0,1,5,7
Media,2004,F,7,4,0,0,2,2,0
Medicine,2004,M,107,47,0,2,5,19,21
Medicine,2004,F,51,31,0,1,4,14,12
Mining,2004,M,4,1,0,0,0,1,0
Mining,2004,F,0,0,0,0,0,0,0
Parliament and Politics,2004,M,16,7,0,0,3,2,2
Parliament and Politics,2004,F,3,2,0,0,1,1,0
Primary Industries,2004,M,54,33,0,0,1,13,19
Primary Industries,2004,F,7,7,0,0,1,1,5
Public Service,2004,M,23,13,0,1,5,6,1
Public Service,2004,F,8,3,0,0,2,1,0
Religion,2004,M,22,8,0,0,1,2,5
Religion,2004,F,6,4,0,0,0,2,2
"Science, Technological Developments, R&D",2004,M,28,21,0,0,6,10,5
"Science, Technological Developments, R&D",2004,F,2,2,0,1,1,0,0
Sport,2004,M,109,54,0,0,2,10,42
Sport,2004,F,29,18,0,0,0,2,16
Surveying and Mapping,2004,M,4,2,0,0,0,0,2
Surveying and Mapping,2004,F,0,0,0,0,0,0,0
Tourism and Hospitality,2004,M,4,2,0,0,0,0,2
Tourism and Hospitality,2004,F,1,1,0,0,0,0,1
Transport,2004,M,10,3,0,0,1,0,2
Transport,2004,F,2,1,0,0,1,0,0
Veterinary Science,2004,M,7,4,0,0,1,0,3
Veterinary Science,2004,F,1,1,0,0,0,0,1
Architecture,2005,M,4,3,0,0,0,2,1
Architecture,2005,F,0,0,0,0,0,0,0
Arts,2005,M,31,23,0,0,2,12,9
Arts,2005,F,31,19,0,1,0,3,15
Building and Construction,2005,M,8,5,0,0,0,2,3
Building and Construction,2005,F,0,0,0,0,0,0,0
Business and Commerce,2005,M,80,50,0,2,10,24,14
Business and Commerce,2005,F,8,7,0,0,2,3,2
Community - Multicultural Affairs,2005,M,27,11,0,0,2,0,9
Community - Multicultural Affairs,2005,F,16,9,0,0,0,1,8
Community,2005,M,628,294,0,0,5,43,246
Community,2005,F,328,186,0,2,5,25,154
Conservation and the Environment,2005,M,20,17,0,0,0,7,10
Conservation and the Environment,2005,F,13,9,0,0,1,2,6
Dentistry,2005,M,2,2,0,0,0,2,0
Dentistry,2005,F,1,1,0,0,0,0,1
Disabled,2005,M,21,12,0,0,0,1,11
Disabled,2005,F,24,10,0,0,0,0,10
Education,2005,M,55,38,0,0,4,14,20
Education,2005,F,22,16,0,1,2,5,8
Engineering,2005,M,11,7,0,0,1,6,0
Engineering,2005,F,0,0,0,0,0,0,0
Industrial Relations,2005,M,5,5,0,0,1,4,0
Industrial Relations,2005,F,0,0,0,0,0,0,0
Information Technology,2005,M,1,1,0,0,0,1,0
Information Technology,2005,F,1,1,0,0,1,0,0
International Relations,2005,M,14,4,0,0,0,3,1
International Relations,2005,F,5,5,0,2,2,0,1
Law,2005,M,36,31,0,0,9,19,3
Law,2005,F,7,6,0,1,2,2,1
Library and Related Occupations,2005,M,1,1,0,0,0,1,0
Library and Related Occupations,2005,F,3,2,0,0,1,0,1
Local Government,2005,M,49,18,0,0,0,4,14
Local Government,2005,F,10,8,0,0,0,0,8
Media,2005,M,13,8,0,0,0,3,5
Media,2005,F,4,4,0,0,0,3,1
Medicine,2005,M,117,74,0,0,7,44,23
Medicine,2005,F,37,23,0,0,3,6,14
Mining,2005,M,3,2,0,0,0,1,1
Mining,2005,F,0,0,0,0,0,0,0
Parliament and Politics,2005,M,20,14,0,3,2,8,1
Parliament and Politics,2005,F,4,4,0,0,2,2,0
Primary Industries,2005,M,24,18,0,0,0,8,10
Primary Industries,2005,F,3,3,0,0,0,1,2
Public Service,2005,M,23,16,0,0,9,4,3
Public Service,2005,F,3,2,0,0,0,2,0
Religion,2005,M,23,19,0,1,0,6,12
Religion,2005,F,5,3,0,0,0,0,3
"Science, Technological Developments, R&D",2005,M,24,12,0,1,3,6,2
"Science, Technological Developments, R&D",2005,F,0,0,0,0,0,0,0
Sport,2005,M,118,78,0,0,2,7,69
Sport,2005,F,39,30,0,0,0,3,27
Surveying and Mapping,2005,M,0,0,0,0,0,0,0
Surveying and Mapping,2005,F,0,0,0,0,0,0,0
Tourism and Hospitality,2005,M,6,2,0,0,0,2,0
Tourism and Hospitality,2005,F,0,0,0,0,0,0,0
Transport,2005,M,11,7,0,0,0,4,3
Transport,2005,F,1,1,0,0,0,0,1
Veterinary Science,2005,M,3,2,0,0,0,2,0
Veterinary Science,2005,F,0,0,0,0,0,0,0
Architecture,2006,M,7,7,0,0,1,4,2
Architecture,2006,F,1,1,0,0,0,1,0
Arts,2006,M,45,31,0,0,3,12,16
Arts,2006,F,40,27,0,2,4,7,14
Building and Construction,2006,M,12,9,0,0,0,6,3
Building and Construction,2006,F,0,0,0,0,0,0,0
Business and Commerce,2006,M,59,38,0,0,5,19,14
Business and Commerce,2006,F,10,7,0,0,0,2,5
Community - Multicultural Affairs,2006,M,37,21,0,0,0,3,18
Community - Multicultural Affairs,2006,F,15,10,0,0,0,1,9
Community,2006,M,641,335,0,1,2,32,300
Community,2006,F,417,254,0,0,7,30,217
Conservation and the Environment,2006,M,20,15,0,0,0,5,10
Conservation and the Environment,2006,F,15,11,0,0,2,2,7
Dentistry,2006,M,10,8,0,0,0,4,4
Dentistry,2006,F,1,1,0,0,0,1,0
Disabled,2006,M,18,11,0,0,0,4,7
Disabled,2006,F,24,18,0,0,0,4,14
Education,2006,M,75,49,0,1,4,24,20
Education,2006,F,34,23,0,0,1,7,15
Engineering,2006,M,12,9,0,0,0,5,4
Engineering,2006,F,0,0,0,0,0,0,0
Industrial Relations,2006,M,5,4,0,0,0,1,3
Industrial Relations,2006,F,0,0,0,0,0,0,0
Information Technology,2006,M,2,1,0,0,1,0,0
Information Technology,2006,F,1,0,0,0,0,0,0
International Relations,2006,M,16,11,0,0,1,4,6
International Relations,2006,F,7,6,0,0,2,2,2
Law,2006,M,16,11,0,0,4,3,4
Law,2006,F,7,3,0,0,1,1,1
Library and Related Occupations,2006,M,1,1,0,0,0,0,1
Library and Related Occupations,2006,F,0,0,0,0,0,0,0
Local Government,2006,M,41,26,0,0,0,4,22
Local Government,2006,F,7,6,0,0,0,1,5
Media,2006,M,16,8,0,1,1,3,3
Media,2006,F,3,2,0,0,0,1,1
Medicine,2006,M,142,74,0,2,7,24,41
Medicine,2006,F,55,36,0,1,4,10,21
Mining,2006,M,5,4,0,0,1,1,2
Mining,2006,F,0,0,0,0,0,0,0
Parliament and Politics,2006,M,18,15,0,1,3,5,6
Parliament and Politics,2006,F,5,5,0,0,2,3,0
Primary Industries,2006,M,53,39,0,0,1,14,24
Primary Industries,2006,F,5,5,0,0,0,3,2
Public Service,2006,M,37,21,0,2,6,11,2
Public Service,2006,F,7,4,0,1,0,2,1
Religion,2006,M,34,17,0,1,0,1,15
Religion,2006,F,5,4,0,0,0,1,3
"Science, Technological Developments, R&D",2006,M,23,19,0,1,3,11,4
"Science, Technological Developments, R&D",2006,F,1,1,0,0,0,0,1
Sport,2006,M,135,77,0,1,0,13,63
Sport,2006,F,30,19,0,0,0,2,17
Surveying and Mapping,2006,M,3,3,0,0,0,2,1
Surveying and Mapping,2006,F,0,0,0,0,0,0,0
Tourism and Hospitality,2006,M,10,9,0,0,0,5,4
Tourism and Hospitality,2006,F,3,2,0,0,0,1,1
Transport,2006,M,21,9,0,0,2,1,6
Transport,2006,F,0,0,0,0,0,0,0
Veterinary Science,2006,M,6,4,0,0,1,2,1
Veterinary Science,2006,F,0,0,0,0,0,0,0
Architecture,2007,M,4,3,0,0,0,2,1
Architecture,2007,F,2,1,0,0,0,1,0
Arts,2007,M,45,31,0,1,2,9,19
Arts,2007,F,26,15,0,0,0,4,11
Building and Construction,2007,M,5,3,0,0,0,2,1
Building and Construction,2007,F,0,0,0,0,0,0,0
Business and Commerce,2007,M,62,41,0,1,4,23,13
Business and Commerce,2007,F,15,9,0,1,1,6,1
Community - Multicultural Affairs,2007,M,43,22,0,0,1,3,18
Community - Multicultural Affairs,2007,F,10,6,0,0,0,1,5
Community,2007,M,653,319,0,1,4,39,275
Community,2007,F,312,163,0,0,4,23,136
Conservation and the Environment,2007,M,28,23,0,0,1,9,13
Conservation and the Environment,2007,F,9,4,0,0,1,2,1
Dentistry,2007,M,15,9,0,0,0,3,6
Dentistry,2007,F,1,1,0,0,0,0,1
Disabled,2007,M,19,10,0,0,0,0,10
Disabled,2007,F,22,11,0,0,0,1,10
Education,2007,M,70,45,0,0,4,23,18
Education,2007,F,36,27,0,0,3,7,17
Engineering,2007,M,13,8,0,0,0,4,4
Engineering,2007,F,0,0,0,0,0,0,0
Industrial Relations,2007,M,9,3,0,0,0,1,2
Industrial Relations,2007,F,0,0,0,0,0,0,0
Information Technology,2007,M,4,1,0,0,0,1,0
Information Technology,2007,F,1,0,0,0,0,0,0
International Relations,2007,M,16,10,0,0,0,4,6
International Relations,2007,F,5,3,0,0,0,2,1
Law,2007,M,20,15,0,0,5,8,2
Law,2007,F,6,5,0,1,0,4,0
Library and Related Occupations,2007,M,2,0,0,0,0,0,0
Library and Related Occupations,2007,F,2,1,0,0,0,1,0
Local Government,2007,M,32,16,0,0,0,4,12
Local Government,2007,F,15,7,0,0,0,3,4
Media,2007,M,14,10,0,0,1,2,7
Media,2007,F,1,1,0,0,0,0,1
Medicine,2007,M,138,73,0,2,5,29,37
Medicine,2007,F,34,21,0,0,2,7,12
Mining,2007,M,3,1,0,0,0,0,1
Mining,2007,F,0,0,0,0,0,0,0
Parliament and Politics,2007,M,18,14,0,0,4,7,3
Parliament and Politics,2007,F,3,1,0,0,0,0,1
Primary Industries,2007,M,40,25,0,0,0,11,14
Primary Industries,2007,F,1,1,0,0,0,0,1
Public Service,2007,M,35,17,0,2,11,2,2
Public Service,2007,F,4,2,0,0,0,2,0
Religion,2007,M,28,18,0,1,2,2,13
Religion,2007,F,6,5,0,0,0,1,4
"Science, Technological Developments, R&D",2007,M,27,15,0,0,0,10,5
"Science, Technological Developments, R&D",2007,F,5,3,0,1,1,1,0
Sport,2007,M,105,49,0,0,3,4,42
Sport,2007,F,31,16,0,0,1,2,13
Surveying and Mapping,2007,M,0,0,0,0,0,0,0
Surveying and Mapping,2007,F,0,0,0,0,0,0,0
Tourism and Hospitality,2007,M,5,2,0,0,0,1,1
Tourism and Hospitality,2007,F,1,1,0,0,0,1,0
Transport,2007,M,14,7,0,0,0,3,4
Transport,2007,F,2,2,0,0,0,0,2
Veterinary Science,2007,M,5,4,0,0,0,0,4
Veterinary Science,2007,F,1,1,0,0,0,0,1
Architecture,2008,M,2,2,0,0,0,1,1
Architecture,2008,F,2,2,0,0,0,2,0
Arts,2008,M,45,27,0,0,2,8,17
Arts,2008,F,25,19,0,0,0,6,13
Building and Construction,2008,M,8,4,0,0,0,4,0
Building and Construction,2008,F,1,1,0,0,0,1,0
Business and Commerce,2008,M,69,42,0,1,3,26,12
Business and Commerce,2008,F,9,5,0,0,1,2,2
Community - Multicultural Affairs,2008,M,29,11,0,0,1,0,10
Community - Multicultural Affairs,2008,F,9,6,0,0,0,2,4
Community,2008,M,514,250,0,1,3,39,207
Community,2008,F,258,153,0,0,2,17,134
Conservation and the Environment,2008,M,24,16,0,0,0,9,7
Conservation and the Environment,2008,F,10,6,0,0,1,1,4
Dentistry,2008,M,6,5,0,0,0,4,1
Dentistry,2008,F,0,0,0,0,0,0,0
Disabled,2008,M,14,6,0,0,0,3,3
Disabled,2008,F,10,7,0,0,0,0,7
Education,2008,M,51,31,0,2,5,12,12
Education,2008,F,33,22,0,1,2,6,13
Engineering,2008,M,6,6,0,0,0,4,2
Engineering,2008,F,0,0,0,0,0,0,0
Industrial Relations,2008,M,6,4,0,1,0,3,0
Industrial Relations,2008,F,1,1,0,0,0,1,0
Information Technology,2008,M,3,2,0,0,0,1,1
Information Technology,2008,F,0,0,0,0,0,0,0
International Relations,2008,M,6,2,0,0,0,2,0
International Relations,2008,F,6,4,0,0,0,4,0
Law,2008,M,24,15,0,2,1,7,5
Law,2008,F,4,2,0,1,0,0,1
Library and Related Occupations,2008,M,0,0,0,0,0,0,0
Library and Related Occupations,2008,F,1,1,0,0,0,0,1
Local Government,2008,M,34,15,0,0,0,3,12
Local Government,2008,F,11,6,0,0,0,1,5
Media,2008,M,12,7,0,1,1,1,4
Media,2008,F,4,3,0,0,1,0,2
Medicine,2008,M,130,55,0,0,6,18,31
Medicine,2008,F,41,28,0,0,0,10,18
Mining,2008,M,4,2,0,0,1,1,0
Mining,2008,F,0,0,0,0,0,0,0
Parliament and Politics,2008,M,18,12,0,2,3,5,2
Parliament and Politics,2008,F,3,1,0,0,0,0,1
Primary Industries,2008,M,32,24,0,0,0,11,13
Primary Industries,2008,F,1,1,0,0,0,0,1
Public Service,2008,M,31,22,0,1,12,6,3
Public Service,2008,F,11,7,0,0,2,4,1
Religion,2008,M,20,10,0,0,1,1,8
Religion,2008,F,2,2,0,0,0,1,1
"Science, Technological Developments, R&D",2008,M,17,9,0,0,2,6,1
"Science, Technological Developments, R&D",2008,F,2,1,0,0,0,1,0
Sport,2008,M,84,47,0,0,1,9,37
Sport,2008,F,22,11,0,0,0,2,9
Surveying and Mapping,2008,M,2,1,0,0,0,0,1
Surveying and Mapping,2008,F,0,0,0,0,0,0,0
Tourism and Hospitality,2008,M,12,5,0,0,1,1,3
Tourism and Hospitality,2008,F,1,0,0,0,0,0,0
Transport,2008,M,10,7,0,1,0,3,3
Transport,2008,F,0,0,0,0,0,0,0
Veterinary Science,2008,M,4,1,0,0,0,0,1
Veterinary Science,2008,F,2,2,0,0,0,1,1
Architecture,2009,M,5,5,0,0,0,3,2
Architecture,2009,F,1,1,0,0,0,0,1
Arts,2009,M,45,30,0,0,2,10,18
Arts,2009,F,32,21,0,1,1,6,13
Building and Construction,2009,M,8,5,0,0,1,2,2
Building and Construction,2009,F,0,0,0,0,0,0,0
Business and Commerce,2009,M,39,19,0,1,6,8,4
Business and Commerce,2009,F,8,6,0,1,2,1,2
Community - Multicultural Affairs,2009,M,34,25,0,0,0,4,21
Community - Multicultural Affairs,2009,F,21,16,0,0,0,2,14
Community,2009,M,586,323,0,0,5,33,285
Community,2009,F,300,182,0,1,1,20,160
Conservation and the Environment,2009,M,18,15,0,0,0,4,11
Conservation and the Environment,2009,F,10,6,0,0,0,2,4
Dentistry,2009,M,8,5,0,0,0,2,3
Dentistry,2009,F,1,1,0,0,0,1,0
Disabled,2009,M,21,12,0,0,0,3,9
Disabled,2009,F,15,9,0,0,0,0,9
Education,2009,M,55,34,0,0,2,15,17
Education,2009,F,26,17,0,0,0,8,9
Engineering,2009,M,8,5,0,0,0,4,1
Engineering,2009,F,0,0,0,0,0,0,0
Industrial Relations,2009,M,4,2,0,0,0,1,1
Industrial Relations,2009,F,0,0,0,0,0,0,0
Information Technology,2009,M,1,1,0,0,0,1,0
Information Technology,2009,F,0,0,0,0,0,0,0
International Relations,2009,M,19,12,0,0,3,5,4
International Relations,2009,F,18,14,0,0,1,6,7
Law,2009,M,34,18,0,1,5,10,2
Law,2009,F,3,1,0,0,0,1,0
Library and Related Occupations,2009,M,0,0,0,0,0,0,0
Library and Related Occupations,2009,F,1,1,0,0,0,0,1
Local Government,2009,M,37,17,0,0,0,1,16
Local Government,2009,F,11,8,0,0,0,1,7
Media,2009,M,14,10,0,0,1,3,6
Media,2009,F,2,1,0,0,0,1,0
Medicine,2009,M,101,58,0,0,4,22,32
Medicine,2009,F,35,18,0,0,0,8,10
Mining,2009,M,2,1,0,0,1,0,0
Mining,2009,F,0,0,0,0,0,0,0
Parliament and Politics,2009,M,21,11,0,1,2,5,3
Parliament and Politics,2009,F,1,1,0,0,0,0,1
Primary Industries,2009,M,30,20,0,0,1,9,10
Primary Industries,2009,F,1,1,0,0,0,0,1
Public Service,2009,M,24,11,0,0,5,6,0
Public Service,2009,F,2,0,0,0,0,0,0
Religion,2009,M,17,12,0,0,0,2,10
Religion,2009,F,4,1,0,0,0,0,1
"Science, Technological Developments, R&D",2009,M,17,12,0,0,2,7,3
"Science, Technological Developments, R&D",2009,F,5,4,0,0,2,1,1
Sport,2009,M,115,83,0,0,0,5,78
Sport,2009,F,30,25,0,0,0,3,22
Surveying and Mapping,2009,M,1,1,0,0,0,1,0
Surveying and Mapping,2009,F,0,0,0,0,0,0,0
Tourism and Hospitality,2009,M,5,4,0,0,0,1,3
Tourism and Hospitality,2009,F,0,0,0,0,0,0,0
Transport,2009,M,10,7,0,0,0,2,5
Transport,2009,F,0,0,0,0,0,0,0
Veterinary Science,2009,M,2,2,0,0,0,1,1
Veterinary Science,2009,F,0,0,0,0,0,0,0
Architecture,2010,M,3,3,0,0,0,3,0
Architecture,2010,F,0,0,0,0,0,0,0
Arts,2010,M,50,37,0,0,4,19,14
Arts,2010,F,35,23,0,0,0,7,16
Building and Construction,2010,M,5,3,0,0,1,0,2
Building and Construction,2010,F,0,0,0,0,0,0,0
Business and Commerce,2010,M,70,38,0,1,3,25,9
Business and Commerce,2010,F,6,4,0,0,2,2,0
Community - Multicultural Affairs,2010,M,48,22,0,0,2,5,15
Community - Multicultural Affairs,2010,F,11,11,0,0,0,1,10
Community,2010,M,445,232,0,2,3,28,199
Community,2010,F,225,157,0,0,1,24,132
Conservation and the Environment,2010,M,20,15,0,0,0,6,9
Conservation and the Environment,2010,F,12,8,0,0,0,3,5
Dentistry,2010,M,6,3,0,0,0,2,1
Dentistry,2010,F,0,0,0,0,0,0,0
Disabled,2010,M,14,7,0,0,0,2,5
Disabled,2010,F,22,14,0,0,0,3,11
Education,2010,M,60,35,0,0,2,10,23
Education,2010,F,17,7,0,0,0,4,3
Engineering,2010,M,7,6,0,0,0,4,2
Engineering,2010,F,0,0,0,0,0,0,0
Industrial Relations,2010,M,4,3,0,0,0,2,1
Industrial Relations,2010,F,2,2,0,0,0,1,1
Information Technology,2010,M,4,3,0,0,1,2,0
Information Technology,2010,F,0,0,0,0,0,0,0
International Relations,2010,M,13,5,0,0,0,3,2
International Relations,2010,F,15,9,0,0,1,1,7
Law,2010,M,26,17,0,1,8,7,1
Law,2010,F,7,4,0,0,0,2,2
Library and Related Occupations,2010,M,0,0,0,0,0,0,0
Library and Related Occupations,2010,F,1,1,0,0,0,0,1
Local Government,2010,M,31,15,0,0,0,4,11
Local Government,2010,F,11,7,0,0,1,2,4
Media,2010,M,14,9,0,0,0,5,4
Media,2010,F,3,1,0,0,0,1,0
Medicine,2010,M,117,73,0,0,6,44,23
Medicine,2010,F,31,21,0,2,1,12,6
Mining,2010,M,3,2,0,0,1,0,1
Mining,2010,F,1,0,0,0,0,0,0
Parliament and Politics,2010,M,13,9,0,1,2,6,0
Parliament and Politics,2010,F,2,0,0,0,0,0,0
Primary Industries,2010,M,18,14,0,0,0,6,8
Primary Industries,2010,F,2,1,0,0,0,0,1
Public Service,2010,M,29,17,0,2,5,8,2
Public Service,2010,F,4,2,0,0,0,1,1
Religion,2010,M,19,10,0,0,1,5,4
Religion,2010,F,3,1,0,0,0,0,1
"Science, Technological Developments, R&D",2010,M,17,11,0,0,0,7,4
"Science, Technological Developments, R&D",2010,F,3,3,0,0,2,1,0
Sport,2010,M,63,34,0,0,0,5,29
Sport,2010,F,17,10,0,0,0,1,9
Surveying and Mapping,2010,M,2,1,0,0,0,0,1
Surveying and Mapping,2010,F,0,0,0,0,0,0,0
Tourism and Hospitality,2010,M,5,4,0,0,0,1,3
Tourism and Hospitality,2010,F,1,1,0,0,0,0,1
Transport,2010,M,8,3,0,0,1,1,1
Transport,2010,F,0,0,0,0,0,0,0
Veterinary Science,2010,M,3,3,0,0,0,0,3
Veterinary Science,2010,F,0,0,0,0,0,0,0
Architecture,2011,M,6,4,0,0,1,3,0
Architecture,2011,F,0,0,0,0,0,0,0
Arts,2011,M,39,31,0,0,2,15,14
Arts,2011,F,28,21,0,0,0,5,16
Building and Construction,2011,M,6,3,0,0,0,2,1
Building and Construction,2011,F,0,0,0,0,0,0,0
Business and Commerce,2011,M,29,12,0,0,3,8,1
Business and Commerce,2011,F,6,2,0,0,0,1,1
Community - Multicultural Affairs,2011,M,25,11,0,0,1,1,9
Community - Multicultural Affairs,2011,F,15,10,0,0,0,2,8
Community,2011,M,450,218,0,0,0,19,199
Community,2011,F,246,144,0,0,2,8,134
Conservation and the Environment,2011,M,22,13,0,0,0,3,10
Conservation and the Environment,2011,F,17,13,0,0,1,4,8
Dentistry,2011,M,6,4,0,0,0,3,1
Dentistry,2011,F,0,0,0,0,0,0,0
Disabled,2011,M,14,4,0,0,0,2,2
Disabled,2011,F,12,7,0,0,0,1,6
Education,2011,M,42,21,0,0,3,9,9
Education,2011,F,26,6,0,0,1,4,1
Engineering,2011,M,5,4,0,0,0,4,0
Engineering,2011,F,0,0,0,0,0,0,0
Industrial Relations,2011,M,5,4,0,0,0,1,3
Industrial Relations,2011,F,1,1,0,0,0,1,0
Information Technology,2011,M,2,1,0,0,0,1,0
Information Technology,2011,F,2,2,0,0,0,1,1
International Relations,2011,M,5,3,0,0,0,1,2
International Relations,2011,F,8,6,0,0,0,0,6
Law,2011,M,24,10,0,0,4,4,2
Law,2011,F,6,4,0,1,1,1,1
Library and Related Occupations,2011,M,4,4,0,0,0,0,4
Library and Related Occupations,2011,F,1,1,0,0,0,0,1
Local Government,2011,M,22,14,0,0,0,3,11
Local Government,2011,F,6,4,0,0,0,0,4
Media,2011,M,10,5,0,0,1,2,2
Media,2011,F,3,2,0,0,0,2,0
Medicine,2011,M,101,60,0,0,5,27,28
Medicine,2011,F,30,20,0,0,0,7,13
Mining,2011,M,3,2,0,0,0,2,0
Mining,2011,F,1,0,0,0,0,0,0
Parliament and Politics,2011,M,18,11,0,1,2,6,2
Parliament and Politics,2011,F,4,3,0,0,1,2,0
Primary Industries,2011,M,26,21,0,0,0,6,15
Primary Industries,2011,F,3,2,0,0,0,0,2
Public Service,2011,M,12,4,0,0,3,1,0
Public Service,2011,F,2,2,0,1,1,0,0
Religion,2011,M,18,10,0,0,0,1,9
Religion,2011,F,5,4,0,0,0,0,4
"Science, Technological Developments, R&D",2011,M,13,5,0,0,1,3,1
"Science, Technological Developments, R&D",2011,F,3,3,0,0,0,1,2
Sport,2011,M,95,51,0,0,0,1,50
Sport,2011,F,24,12,0,0,0,0,12
Surveying and Mapping,2011,M,3,3,0,0,0,0,3
Surveying and Mapping,2011,F,0,0,0,0,0,0,0
Tourism and Hospitality,2011,M,10,6,0,0,0,0,6
Tourism and Hospitality,2011,F,2,1,0,0,0,0,1
Transport,2011,M,9,4,0,0,0,1,3
Transport,2011,F,1,1,0,0,0,0,1
Veterinary Science,2011,M,4,1,0,0,0,0,1
Veterinary Science,2011,F,1,1,0,0,1,0,0
Architecture,2012,M,10,9,0,0,2,5,2
Architecture,2012,F,0,0,0,0,0,0,0
Arts,2012,M,47,35,0,1,7,13,14
Arts,2012,F,24,15,0,0,2,5,8
Building and Construction,2012,M,12,9,0,0,0,3,6
Building and Construction,2012,F,2,2,0,0,0,1,1
Business and Commerce,2012,M,72,40,0,0,8,24,8
Business and Commerce,2012,F,6,4,0,0,1,0,3
Community - Multicultural Affairs,2012,M,28,12,0,0,0,3,9
Community - Multicultural Affairs,2012,F,9,7,0,0,0,2,5
Community,2012,M,452,210,0,0,4,32,174
Community,2012,F,242,136,0,0,5,21,110
Conservation and the Environment,2012,M,33,26,0,1,2,8,15
Conservation and the Environment,2012,F,10,9,0,0,0,2,7
Dentistry,2012,M,8,3,0,0,0,2,1
Dentistry,2012,F,2,2,0,0,0,1,1
Disabled,2012,M,16,13,0,0,0,2,11
Disabled,2012,F,9,7,0,0,0,2,5
Education,2012,M,54,36,0,1,5,14,16
Education,2012,F,35,27,0,0,1,18,8
Engineering,2012,M,12,11,0,0,0,7,4
Engineering,2012,F,0,0,0,0,0,0,0
Industrial Relations,2012,M,5,2,0,0,0,1,1
Industrial Relations,2012,F,2,2,0,0,0,1,1
Information Technology,2012,M,6,4,0,0,1,3,0
Information Technology,2012,F,0,0,0,0,0,0,0
International Relations,2012,M,18,11,0,1,2,4,4
International Relations,2012,F,8,6,0,0,1,1,4
Law,2012,M,44,23,0,1,5,12,5
Law,2012,F,10,9,0,1,3,2,3
Library and Related Occupations,2012,M,1,1,0,0,0,0,1
Library and Related Occupations,2012,F,1,0,0,0,0,0,0
Local Government,2012,M,16,5,0,0,0,0,5
Local Government,2012,F,14,7,0,0,0,2,5
Media,2012,M,9,5,0,0,0,0,5
Media,2012,F,2,0,0,0,0,0,0
Medicine,2012,M,143,91,0,1,9,41,40
Medicine,2012,F,34,29,0,0,2,13,14
Mining,2012,M,2,2,0,0,1,1,0
Mining,2012,F,0,0,0,0,0,0,0
Parliament and Politics,2012,M,23,15,0,2,3,8,2
Parliament and Politics,2012,F,6,6,0,1,1,2,2
Primary Industries,2012,M,24,14,0,0,0,3,11
Primary Industries,2012,F,0,0,0,0,0,0,0
Public Service,2012,M,16,10,0,2,1,4,3
Public Service,2012,F,3,3,0,0,0,2,1
Public Service (Federal),2012,M,11,8,0,1,2,4,1
Public Service (Federal),2012,F,3,2,0,0,0,2,0
Religion,2012,M,23,10,0,0,0,1,9
Religion,2012,F,6,3,0,0,0,0,3
"Science, Technological Developments, R&D",2012,M,25,21,0,0,3,16,2
"Science, Technological Developments, R&D",2012,F,2,2,0,0,0,1,1
Sport,2012,M,75,36,0,0,1,3,32
Sport,2012,F,23,15,0,0,1,0,14
Surveying and Mapping,2012,M,1,1,0,0,0,0,1
Surveying and Mapping,2012,F,0,0,0,0,0,0,0
Tourism and Hospitality,2012,M,10,5,0,0,0,0,5
Tourism and Hospitality,2012,F,4,2,0,0,0,1,1
Transport,2012,M,18,8,0,0,1,3,4
Transport,2012,F,1,1,0,0,0,0,1
Veterinary Science,2012,M,6,6,0,0,0,4,2
Veterinary Science,2012,F,1,1,0,0,1,0,0
Architecture,2013,M,6,5,0,0,1,2,2
Architecture,2013,F,0,0,0,0,0,0,0
Arts,2013,M,55,41,0,0,5,15,21
Arts,2013,F,45,36,0,0,2,14,20
Building and Construction,2013,M,9,4,0,0,0,2,2
Building and Construction,2013,F,0,0,0,0,0,0,0
Business and Commerce,2013,M,57,32,0,0,3,20,9
Business and Commerce,2013,F,9,7,0,0,1,4,2
Community - Multicultural Affairs,2013,M,61,28,0,0,0,4,24
Community - Multicultural Affairs,2013,F,15,11,0,0,0,0,11
Community,2013,M,547,347,0,1,5,39,302
Community,2013,F,271,200,0,0,9,23,168
Conservation and the Environment,2013,M,29,29,0,0,3,9,17
Conservation and the Environment,2013,F,13,11,0,0,0,3,8
Dentistry,2013,M,4,2,0,0,0,2,0
Dentistry,2013,F,0,0,0,0,0,0,0
Disabled,2013,M,12,11,0,0,0,3,8
Disabled,2013,F,13,10,0,0,0,2,8
Education,2013,M,56,34,0,0,2,19,13
Education,2013,F,19,9,0,0,0,4,5
Engineering,2013,M,14,10,0,0,2,5,3
Engineering,2013,F,1,1,0,0,0,1,0
Industrial Relations,2013,M,1,1,0,0,0,1,0
Industrial Relations,2013,F,2,2,0,0,1,0,1
Information Technology,2013,M,2,1,0,0,0,0,1
Information Technology,2013,F,0,0,0,0,0,0,0
International Relations,2013,M,9,3,0,0,1,1,1
International Relations,2013,F,15,6,0,0,0,3,3
Law,2013,M,25,12,0,1,2,8,1
Law,2013,F,4,4,0,0,2,0,2
Library and Related Occupations,2013,M,2,1,0,0,0,1,0
Library and Related Occupations,2013,F,2,2,0,0,0,1,1
Local Government,2013,M,33,19,0,0,0,2,17
Local Government,2013,F,9,7,0,0,0,2,5
Media,2013,M,16,8,0,0,0,1,7
Media,2013,F,5,4,0,0,1,1,2
Medicine,2013,M,120,74,0,0,10,35,29
Medicine,2013,F,21,12,0,0,2,7,3
Mining,2013,M,2,0,0,0,0,0,0
Mining,2013,F,0,0,0,0,0,0,0
Parliament and Politics,2013,M,18,8,0,1,1,5,1
Parliament and Politics,2013,F,4,2,0,0,0,1,1
Primary Industries,2013,M,24,15,0,0,0,6,9
Primary Industries,2013,F,3,2,0,0,0,0,2
Public Service,2013,M,18,11,0,0,2,9,0
Public Service,2013,F,3,3,0,0,2,1,0
Religion,2013,M,18,11,0,1,0,5,5
Religion,2013,F,5,1,0,0,0,1,0
"Science, Technological Developments, R&D",2013,M,18,13,0,1,4,8,0
"Science, Technological Developments, R&D",2013,F,2,2,0,0,1,0,1
Sport,2013,M,95,66,0,0,2,7,57
Sport,2013,F,31,21,0,0,0,2,19
Surveying and Mapping,2013,M,1,1,0,0,0,1,0
Surveying and Mapping,2013,F,0,0,0,0,0,0,0
Tourism and Hospitality,2013,M,5,4,0,0,0,2,2
Tourism and Hospitality,2013,F,1,1,0,0,0,0,1
Transport,2013,M,8,5,0,0,0,2,3
Transport,2013,F,0,0,0,0,0,0,0
Veterinary Science,2013,M,3,3,0,0,0,1,2
Veterinary Science,2013,F,1,1,0,0,0,1,0
Architecture,2014,M,9,9,0,0,3,4,2
Architecture,2014,F,2,2,0,0,1,1,0
Arts,2014,M,81,66,0,3,7,20,36
Arts,2014,F,44,30,0,0,6,5,19
Building and Construction,2014,M,7,2,0,0,0,1,1
Building and Construction,2014,F,0,0,0,0,0,0,0
Business and Commerce,2014,M,52,27,0,1,4,12,10
Business and Commerce,2014,F,6,3,0,0,0,2,1
Community - Multicultural Affairs,2014,M,49,29,0,0,1,3,25
Community - Multicultural Affairs,2014,F,12,8,0,0,0,2,6
Community,2014,M,444,299,0,1,5,40,253
Community,2014,F,276,201,0,0,9,21,171
Conservation and the Environment,2014,M,27,24,0,0,5,9,10
Conservation and the Environment,2014,F,13,10,0,0,0,2,8
Dentistry,2014,M,8,6,0,0,0,2,4
Dentistry,2014,F,0,0,0,0,0,0,0
Disabled,2014,M,15,10,0,0,0,0,10
Disabled,2014,F,25,21,0,0,2,5,14
Education,2014,M,57,41,0,1,8,17,15
Education,2014,F,37,24,0,0,4,9,11
Engineering,2014,M,13,9,0,0,1,2,6
Engineering,2014,F,1,1,0,0,0,1,0
Industrial Relations,2014,M,1,1,0,0,0,1,0
Industrial Relations,2014,F,1,1,0,0,0,1,0
Information Technology,2014,M,2,1,0,0,0,0,1
Information Technology,2014,F,1,1,0,0,0,0,1
International Relations,2014,M,19,14,0,0,3,3,8
International Relations,2014,F,11,7,0,0,0,3,4
Law,2014,M,37,22,0,2,2,14,4
Law,2014,F,5,5,0,0,2,2,1
Library and Related Occupations,2014,M,0,0,0,0,0,0,0
Library and Related Occupations,2014,F,1,1,0,0,0,1,0
Local Government,2014,M,39,28,0,0,1,2,25
Local Government,2014,F,6,3,0,0,0,0,3
Media,2014,M,28,20,0,0,0,5,15
Media,2014,F,1,1,0,0,0,1,0
Medicine,2014,M,130,85,0,2,13,40,30
Medicine,2014,F,35,27,0,0,5,13,9
Mining,2014,M,6,4,0,0,0,3,1
Mining,2014,F,0,0,0,0,0,0,0
Parliament and Politics,2014,M,18,12,0,0,4,5,3
Parliament and Politics,2014,F,1,0,0,0,0,0,0
Primary Industries,2014,M,26,20,0,0,1,9,10
Primary Industries,2014,F,1,0,0,0,0,0,0
Public Service,2014,M,20,7,1,0,3,3,0
Public Service,2014,F,5,6,2,2,0,2,0
Religion,2014,M,14,8,0,0,0,3,5
Religion,2014,F,6,3,0,0,0,3,0
"Science, Technological Developments, R&D",2014,M,24,20,0,2,6,9,3
"Science, Technological Developments, R&D",2014,F,5,5,0,0,1,2,2
Sport,2014,M,115,80,0,0,0,10,70
Sport,2014,F,31,29,0,0,0,2,27
Surveying and Mapping,2014,M,2,0,0,0,0,0,0
Surveying and Mapping,2014,F,0,0,0,0,0,0,0
Tourism and Hospitality,2014,M,7,6,0,0,1,2,3
Tourism and Hospitality,2014,F,4,3,0,0,1,1,1
Transport,2014,M,15,13,0,0,0,1,12
Transport,2014,F,0,0,0,0,0,0,0
Veterinary Science,2014,M,3,3,0,0,1,1,1
Veterinary Science,2014,F,0,0,0,0,0,0,0
Architecture,2015,M,5,3,0,0,0,3,0
Architecture,2015,F,0,0,0,0,0,0,0
Arts,2015,M,41,30,0,0,4,8,18
Arts,2015,F,29,22,0,0,2,7,13
Building and Construction,2015,M,6,4,0,0,0,2,2
Building and Construction,2015,F,0,0,0,0,0,0,0
Business and Commerce,2015,M,45,25,0,0,3,13,9
Business and Commerce,2015,F,8,3,0,0,2,1,0
Community - Multicultural Affairs,2015,M,38,24,0,0,1,4,19
Community - Multicultural Affairs,2015,F,4,1,0,0,0,0,1
Community,2015,M,480,321,1,2,8,54,256
Community,2015,F,270,214,0,0,2,22,190
Conservation and the Environment,2015,M,16,13,0,0,0,3,10
Conservation and the Environment,2015,F,16,12,0,0,1,0,11
Dentistry,2015,M,6,6,0,0,1,2,3
Dentistry,2015,F,0,0,0,0,0,0,0
Disabled,2015,M,9,7,0,0,1,2,4
Disabled,2015,F,15,9,0,0,1,1,7
Education,2015,M,56,38,0,1,7,19,11
Education,2015,F,34,27,0,1,4,10,12
Engineering,2015,M,13,11,0,0,1,8,2
Engineering,2015,F,0,0,0,0,0,0,0
Industrial Relations,2015,M,1,1,0,0,0,0,1
Industrial Relations,2015,F,1,0,0,0,0,0,0
Information Technology,2015,M,1,1,0,0,0,1,0
Information Technology,2015,F,2,2,0,0,0,1,1
International Relations,2015,M,12,10,0,0,0,5,5
International Relations,2015,F,15,8,0,0,1,1,6
Law,2015,M,24,19,0,2,3,12,2
Law,2015,F,4,2,0,0,1,1,0
Library and Related Occupations,2015,M,1,1,0,0,0,1,0
Library and Related Occupations,2015,F,4,2,0,0,0,2,0
Local Government,2015,M,42,30,0,0,0,1,29
Local Government,2015,F,10,7,0,0,0,0,7
Media,2015,M,19,15,0,0,1,6,8
Media,2015,F,7,7,0,0,0,3,4
Medicine,2015,M,99,75,0,4,12,40,19
Medicine,2015,F,30,24,0,1,3,9,11
Mining,2015,M,2,2,0,0,1,0,1
Mining,2015,F,1,1,0,0,0,1,0
Parliament and Politics,2015,M,15,8,0,0,3,4,1
Parliament and Politics,2015,F,5,4,0,0,1,2,1
Primary Industries,2015,M,29,17,0,0,2,6,9
Primary Industries,2015,F,2,2,0,0,0,1,1
Public Service,2015,M,27,16,1,0,6,7,2
Public Service,2015,F,7,4,0,0,2,2,0
Religion,2015,M,15,6,0,0,0,1,5
Religion,2015,F,7,3,0,0,0,0,3
"Science, Technological Developments, R&D",2015,M,20,17,0,2,5,8,2
"Science, Technological Developments, R&D",2015,F,3,3,0,0,0,2,1
Sport,2015,M,69,48,0,0,1,6,41
Sport,2015,F,22,17,0,0,2,5,10
Surveying and Mapping,2015,M,3,2,0,0,0,0,2
Surveying and Mapping,2015,F,0,0,0,0,0,0,0
Tourism and Hospitality,2015,M,8,3,0,0,1,2,0
Tourism and Hospitality,2015,F,1,1,0,0,0,1,0
Transport,2015,M,6,3,0,0,0,0,3
Transport,2015,F,2,1,0,0,0,1,0
Veterinary Science,2015,M,2,2,0,0,0,2,0
Veterinary Science,2015,F,1,1,0,0,0,1,0
Architecture,2002,M,4,3,0,1,0,1,1
Architecture,2002,F,0,0,0,0,0,0,0
Arts,2002,M,46,30,0,0,3,7,20
Arts,2002,F,38,23,0,1,1,5,16
Building and Construction,2002,M,6,4,0,1,0,0,3
Building and Construction,2002,F,0,0,0,0,0,0,0
Business and Commerce,2002,M,50,27,0,4,6,11,6
Business and Commerce,2002,F,5,2,0,0,0,1,1
Community - Multicultural Affairs,2002,M,48,29,0,0,0,5,24
Community - Multicultural Affairs,2002,F,17,9,0,0,0,1,8
Community,2002,M,576,308,0,1,12,34,261
Community,2002,F,388,218,0,0,8,26,184
Conservation and the Environment,2002,M,16,12,0,0,0,4,8
Conservation and the Environment,2002,F,5,5,0,0,0,3,2
Dentistry,2002,M,12,6,0,0,1,4,1
Dentistry,2002,F,0,0,0,0,0,0,0
Disabled,2002,M,13,7,0,0,1,2,4
Disabled,2002,F,24,18,0,0,0,3,15
Education,2002,M,42,33,0,0,7,15,11
Education,2002,F,25,15,0,0,1,5,9
Engineering,2002,M,9,7,0,2,1,1,3
Engineering,2002,F,0,0,0,0,0,0,0
Industrial Relations,2002,M,5,5,0,0,0,4,1
Industrial Relations,2002,F,0,0,0,0,0,0,0
Information Technology,2002,M,0,0,0,0,0,0,0
Information Technology,2002,F,0,0,0,0,0,0,0
International Relations,2002,M,1,0,0,0,0,0,0
International Relations,2002,F,1,0,0,0,0,0,0
Law,2002,M,21,18,0,2,8,4,4
Law,2002,F,1,0,0,0,0,0,0
Library and Related Occupations,2002,M,2,2,0,0,0,1,1
Library and Related Occupations,2002,F,1,1,0,0,0,0,1
Local Government,2002,M,36,19,0,0,1,2,16
Local Government,2002,F,15,11,0,0,0,3,8
Media,2002,M,15,10,0,0,1,2,7
Media,2002,F,3,1,0,0,0,0,1
Medicine,2002,M,103,58,0,0,9,26,23
Medicine,2002,F,34,23,0,0,1,9,13
Mining,2002,M,3,3,0,1,0,1,1
Mining,2002,F,0,0,0,0,0,0,0
Parliament and Politics,2002,M,9,5,0,1,1,2,1
Parliament and Politics,2002,F,2,2,0,0,1,0,1
Primary Industries,2002,M,31,21,0,0,2,10,9
Primary Industries,2002,F,0,0,0,0,0,0,0
Public Service,2002,M,14,9,0,1,2,5,1
Public Service,2002,F,3,2,0,0,1,0,1
Religion,2002,M,13,9,0,0,0,3,6
Religion,2002,F,2,1,0,0,0,0,1
"Science, Technological Developments, R&D",2002,M,24,16,0,0,6,7,3
"Science, Technological Developments, R&D",2002,F,3,1,0,0,0,1,0
Sport,2002,M,112,66,0,1,3,12,50
Sport,2002,F,26,13,0,0,0,3,10
Surveying and Mapping,2002,M,1,0,0,0,0,0,0
Surveying and Mapping,2002,F,0,0,0,0,0,0,0
Tourism and Hospitality,2002,M,8,5,0,0,2,1,2
Tourism and Hospitality,2002,F,0,0,0,0,0,0,0
Transport,2002,M,5,2,0,0,1,0,1
Transport,2002,F,0,0,0,0,0,0,0
Veterinary Science,2002,M,5,4,0,0,0,3,1
Veterinary Science,2002,F,0,0,0,0,0,0,0
Architecture,2016,M,2,2,0,0,0,1,1
Architecture,2016,F,0,0,0,0,0,0,0
Arts,2016,M,30,26,0,0,2,12,12
Arts,2016,F,16,16,0,0,2,10,4
Building and Construction,2016,M,0,0,0,0,0,0,0
Building and Construction,2016,F,0,0,0,0,0,0,0
Business and Commerce,2016,M,23,17,0,1,3,8,5
Business and Commerce,2016,F,5,4,0,0,1,3,0
Community - Multicultural Affairs,2016,M,14,10,0,0,0,2,8
Community - Multicultural Affairs,2016,F,11,6,0,0,0,0,6
Community,2016,M,229,164,0,1,2,20,141
Community,2016,F,131,88,0,2,3,14,69
Conservation and the Environment,2016,M,15,11,0,0,1,3,7
Conservation and the Environment,2016,F,8,8,0,0,0,0,8
Dentistry,2016,M,5,5,0,0,0,4,1
Dentistry,2016,F,0,0,0,0,0,0,0
Disabled,2016,M,5,3,0,0,0,0,3
Disabled,2016,F,7,6,0,0,1,1,4
Education,2016,M,29,24,0,0,6,10,8
Education,2016,F,13,12,0,0,2,5,5
Engineering,2016,M,5,5,0,0,0,1,4
Engineering,2016,F,0,0,0,0,0,0,0
Industrial Relations,2016,M,1,1,0,0,0,1,0
Industrial Relations,2016,F,0,0,0,0,0,0,0
Information Technology,2016,M,2,1,0,0,0,0,1
Information Technology,2016,F,1,1,0,0,0,1,0
International Relations,2016,M,4,2,0,0,1,0,1
International Relations,2016,F,6,4,0,0,0,2,2
Law,2016,M,14,9,0,1,1,5,2
Law,2016,F,1,1,0,0,0,1,0
Library and Related Occupations,2016,M,0,0,0,0,0,0,0
Library and Related Occupations,2016,F,1,1,0,0,0,1,0
Local Government,2016,M,18,17,0,0,0,1,16
Local Government,2016,F,5,5,0,0,0,0,5
Media,2016,M,1,1,0,0,0,1,0
Media,2016,F,2,1,0,0,0,1,0
Medicine,2016,M,51,37,0,1,5,21,10
Medicine,2016,F,15,12,0,0,3,3,6
Mining,2016,M,3,1,0,0,0,0,1
Mining,2016,F,1,1,0,0,0,0,1
Parliament and Politics,2016,M,14,9,0,0,1,6,2
Parliament and Politics,2016,F,1,1,0,0,0,1,0
Primary Industries,2016,M,12,11,0,0,1,7,3
Primary Industries,2016,F,2,2,0,0,0,2,0
Public Service,2016,M,3,0,0,0,0,0,0
Public Service,2016,F,2,2,0,0,0,1,1
Public Service (Federal),2016,M,10,4,0,1,2,1,0
Public Service (Federal),2016,F,1,1,0,0,1,0,0
Religion,2016,M,6,5,0,0,1,2,2
Religion,2016,F,1,1,0,0,0,1,0
"Science, Technological Developments, R&D",2016,M,12,10,0,1,3,5,1
"Science, Technological Developments, R&D",2016,F,3,3,0,1,2,0,0
Sport,2016,M,51,38,0,1,0,12,25
Sport,2016,F,10,6,0,0,0,1,5
Surveying and Mapping,2016,M,2,1,0,0,0,0,1
Surveying and Mapping,2016,F,1,1,0,0,0,0,1
Tourism and Hospitality,2016,M,3,1,0,0,0,0,1
Tourism and Hospitality,2016,F,1,0,0,0,0,0,0
Transport,2016,M,6,4,0,0,0,3,1
Transport,2016,F,0,0,0,0,0,0,0
Veterinary Science,2016,M,2,2,0,0,1,0,1
Veterinary Science,2016,F,0,0,0,0,0,0,0
